編號,類別,標題,作者/編者,出版年,出版單位/期刊,語言,DOI/ISBN/ISSN,URL,摘要,備註
1,學術文獻,Introduction à l'histoire du Buddhisme indien,Eugène Burnouf,1844,"Imprimerie Royale, Paris",法文,—,WorldCat,歐洲佛教學術研究的奠基之作，首次從梵文文獻分析法華經的文獻學價值。,公共領域
2,學術文獻,Le Lotus de la Bonne Loi,Eugène Burnouf (trans.),1852,"Imprimerie Nationale, Paris",法文,—,Internet Archive,首部從梵文翻譯的法華經歐洲語言全譯本，開啟西方法華經研究先河。,公共領域，全文可取得
3,學術文獻,"Saddharma-Puṇḍarīka, or the Lotus of the True Law",Hendrik Kern (trans.),1884,"Oxford University Press (SBE Vol. 21)",英文,—,Internet Archive,首部梵文→英文學術翻譯，收入Sacred Books of the East系列。,公共領域，全文可取得
4,學術文獻,Scripture of the Lotus Blossom of the Fine Dharma,Leon Hurvitz (trans.),1976,Columbia University Press,英文,ISBN 978-0231148948,Columbia UP,首部從鳩摩羅什漢譯本翻譯的英文全譯本，學術性高。,付費出版
5,學術文獻,The Lotus Sutra,Burton Watson (trans.),1993,Columbia University Press,英文,ISBN 978-0231081610,Columbia UP,最廣為流通的英文現代語體翻譯，以鳩摩羅什本為底本。,付費出版
6,學術文獻,The Lotus Sutra: A Contemporary Translation,Gene Reeves (trans.),2008,Wisdom Publications,英文,ISBN 978-0861715718,Wisdom Pubs,當代英譯本，結合梵文與漢文本的比較研究成果。,付費出版
7,學術文獻,The Threefold Lotus Sutra,"Bunnō Katō, Yoshirō Tamura, Kōjirō Miyasaka",1975,Weatherhill / Kōsei Publishing,英文,ISBN 978-4333002085,WorldCat,包含無量義經、妙法蓮華經、觀普賢行法經三部英譯合本。,付費出版
8,學術文獻,Readings of the Lotus Sūtra,"Stephen F. Teiser & Jacqueline I. Stone (eds.)",2009,Columbia University Press,英文,ISBN 978-0231142885,Columbia UP,匯集當代學者對法華經各品的跨學科詮釋。,付費出版
9,學術文獻,The Lotus Sutra in Japanese Culture,"George J. Tanabe Jr. & Willa Jane Tanabe (eds.)",1989,University of Hawaii Press,英文,ISBN 978-0824811983,UH Press,跨學科論文集，探討法華經在日本文化中的影響。,付費出版
10,學術文獻,Rewriting Early Chinese Buddhism,Tsui Yat-ming,2023,Brill,英文,ISBN 978-9004541818,Brill,重新檢視法華經在中國早期的翻譯與接受史。,付費出版
11,學術文獻,The Formation of the Saddharmapuṇḍarīkasūtra,Karashima Seishi,2015,ARIRIAB Vol. 18,英文,—,Soka Univ.,通過語言學分析提出法華經至少經歷三個編纂階段。,開放存取
12,學術文獻,A Glossary of Kumārajīva's Translation of the Lotus Sutra,Karashima Seishi,2001,IRIAB (BPPB Vol. 4),英文,ISBN 978-4904234006,IRIAB,鳩摩羅什法華經語詞逐一考證，法華經文獻學里程碑。,部分開放
13,學術文獻,A Critical Edition Based on the Gilgit Manuscript,Karashima Seishi,2018–,IRIAB Soka University,英文/梵文,—,IRIAB,基於吉爾吉特寫本的法華經梵文校訂本計畫。,進行中
14,學術文獻,Saddharmapuṇḍarīkasūtram: Romanized and Revised Text,"Unrai Wogihara & Chikao Tsuchida",1934–35,"Sankibō Busshorin, Tokyo",梵文/英文,—,WorldCat,最具影響力的法華經梵文校訂本，以尼泊爾傳本為底本。,古典學術著作
15,學術文獻,The Saddharma-Puṇḍarīka in a Gāndhārī Version,Andrew Glass,2007,PhD Dissertation Univ. of Washington,英文,—,ProQuest,分析犍陀羅語版本的法華經殘片。,博士論文，付費
16,學術文獻,Saddharmapuṇḍarīka Manuscripts Found in Gilgit,Oskar von Hinüber,2014,ARIRIAB Vol. 17,英文,—,ARIRIAB,吉爾吉特法華經寫本的古文書學研究。,開放存取
17,學術文獻,Rethinking the Lotus Sutra,"Stephen F. Teiser & Jacqueline I. Stone (eds.)",2024,Columbia University Press,英文,ISBN 978-0231210966,Columbia UP,Readings續篇，納入數位人文等新興視角。,付費出版
18,學術文獻,One Vehicle in the Lotus Sūtra,Paul Williams,1989,JIABS Vol. 12 No. 2,英文,ISSN 0193-600X,JIABS,分析法華經「一佛乘」概念的哲學意涵。,開放存取
19,學術文獻,The Origin and Development of the Saddharmapuṇḍarīka,Akira Yuyama,2001,Indologica Taurinensia Vol. 27,英文,ISSN 0390-3850,WorldCat,法華經梵文寫本的書目學總覽。,期刊論文
20,學術文獻,A Bibliography of the Sanskrit Texts,Akira Yuyama,1970,Australian National University,英文,—,WorldCat,法華經梵文文本的系統性書目學著作。,經典工具書
21,學術文獻,The Early Chinese Translations,Jan Nattier,2008,ARIRIAB Vol. 11,英文,—,ARIRIAB,重新審視竺法護與鳩摩羅什漢譯本的翻譯策略差異。,開放存取
22,學術文獻,Once Upon a Future Time,Jan Nattier,1991,Asian Humanities Press,英文,ISBN 978-0895819000,WorldCat,研究法華經中的預言敘事與末法意識。,付費出版
23,學術文獻,Did the Buddha Predict a Peter?,Jan Nattier,2003,JIABS Vol. 26 No. 1,英文,ISSN 0193-600X,JIABS,比較法華經授記敘事與基督教傳統。,開放存取
24,學術文獻,Tiantai Lotus Texts,Brook Ziporyn (trans.),2013,BDK America,英文,ISBN 978-1886439498,BDK,智顗天台法華著作的英文翻譯選集。,開放存取(BDK)
25,學術文獻,Clear Serenity Quiet Insight: Mo-ho chih-kuan,Paul L. Swanson,2018,University of Hawaii Press,英文,ISBN 978-0824867829,UH Press,智顗《摩訶止觀》全本英譯。,付費出版
26,學術文獻,Foundations of T'ien-T'ai Philosophy,Paul L. Swanson,1989,Asian Humanities Press,英文,ISBN 978-0895819192,WorldCat,天台宗哲學體系的英文專論。,付費出版
27,學術文獻,The Lotus Sutra and the Rhetoric of Legitimation,Jacqueline I. Stone,1998,JJRS Vol. 25 No. 3-4,英文,ISSN 0304-1042,JJRS,分析法華經在日本中世如何被用作政治正當性論述。,開放存取
28,學術文獻,Original Enlightenment and Medieval Japanese Buddhism,Jacqueline I. Stone,1999,University of Hawaii Press,英文,ISBN 978-0824827717,UH Press,探討日本中世「本覺思想」與法華經的關係。,付費出版
29,學術文獻,Inclusive and Exclusive Perspectives on the One Vehicle,Gene Reeves,2010,"A Buddhist Kaleidoscope, Kosei Publishing",英文,ISBN 978-4333024674,WorldCat,辨析法華經「一乘」思想的兩種詮釋進路。,論文集
30,學術文獻,The Lotus Sutra and Its Opening and Closing Sutras,"Tsugunari Kubo & Akira Yuyama",2007,BDK America,英文,ISBN 978-1886439399,BDK,學術英譯本含開經與結經。,開放存取(BDK)
31,學術文獻,Die Buddhistische Literatur und das Saddharma-puṇḍarīka-sūtra,Max Deeg,2010,"Saddharmapuṇḍarīkastudien, ed. Ralf Apel",德文,—,WorldCat,從德國印度學傳統分析法華經在東亞的地位。,德文學術論文
32,學術文獻,Le Sûtra du Lotus: traduction et étude,Jean-Noël Robert,1997,"Fayard, Paris",法文,ISBN 978-2213599137,WorldCat,法國當代最重要的法華經法文翻譯與研究。,付費出版
33,學術文獻,法華經的哲學與實踐,釋恒清,2002,法鼓文化,中文,ISBN 978-9575983437,法鼓文化,從哲學角度系統分析法華經「一佛乘」思想。,付費出版
34,學術文獻,法華經方便品「開權顯實」思想之研究,陳英善,2001,中華佛學學報第14期,中文,ISSN 1017-7132,CBETA,深入分析法華經方便品核心義理。,開放存取
35,學術文獻,法華經的「一佛乘」思想與天台教判,釋慧嶽,1999,中華佛學研究第3期,中文,ISSN 1027-1112,中華佛研所,探討法華經「會三歸一」的教判學意義。,開放存取
36,學術文獻,天台智顗的法華經詮釋——以「十如是」為中心,黃國清,2005,佛學研究中心學報第10期,中文,—,NTU,分析智顗對法華經「十如是」的獨特詮釋。,開放存取
37,學術文獻,竺法護《正法華經》與鳩摩羅什《妙法蓮華經》的翻譯比較,釋果暉,2008,法鼓佛學學報第2期,中文,—,DBLJ,對比兩個漢譯本的翻譯策略差異。,開放存取
38,學術文獻,法華經「常不輕菩薩品」的宗教實踐意涵,黃國清,2010,正觀雜誌第55期,中文,ISSN 1609-8498,正觀,分析常不輕菩薩品的「禮拜行」實踐意涵。,期刊論文
39,學術文獻,天台法華思想研究,潘桂明,2001,中國社會科學出版社,中文,ISBN 978-7500432074,WorldCat,系統性研究天台宗法華經教義思想體系。,付費出版
40,學術文獻,法華經之文學性研究,蕭麗華,2006,法鼓文化,中文,ISBN 978-9575984380,法鼓文化,從文學理論角度分析法華經的敘事技巧與譬喻修辭。,付費出版
41,學術文獻,法華經「七喻」的文學分析,蕭麗華,2004,臺大佛學研究第9期,中文,—,NTU,對法華經七大譬喻的文學分析。,開放存取
42,學術文獻,法華經的成立與發展,望月信亨 著/釋印海 譯,1987,佛光文化,中文,—,佛光文化,日本學者考證法華經各品成立年代之中譯本。,翻譯著作
43,學術文獻,法華經思想研究,平川彰 著/釋慈怡 譯,1993,佛光文化,中文,—,佛光文化,日本佛學泰斗對法華經核心思想的系統研究中譯。,翻譯著作
44,學術文獻,法華經「如來壽量品」的時間觀,釋恒清,2004,臺大哲學論評第28期,中文,—,NTU,探討「久遠實成」思想對佛教時間觀的革命性影響。,開放存取
45,學術文獻,敦煌寫本法華經之研究,方廣錩,2005,敦煌研究第92期,中文,ISSN 1000-4106,敦煌研究,系統整理敦煌出土法華經寫本。,期刊論文
46,學術文獻,法華經之核心思想,釋如石,2015,大千出版社,中文,ISBN 978-9574473229,博客來,以現代學術方法解讀法華經核心義理。,付費出版
47,學術文獻,法華經導讀,賴永海,2013,中華書局,中文,ISBN 978-7101092707,中華書局,面向一般讀者的學術導讀。,付費出版
48,學術文獻,法華經「觀世音菩薩普門品」信仰研究,釋大睿,2003,中華佛學學報第16期,中文,ISSN 1017-7132,中華佛研所,研究普門品在東亞的信仰實踐。,開放存取
49,學術文獻,法華經「見寶塔品」的空間象徵與儀式意涵,林鎮國,2007,佛學研究中心學報第12期,中文,—,NTU,分析見寶塔品的宇宙論空間建構。,開放存取
50,學術文獻,妙法蓮華經梵漢對照,林光明,2014,嘉豐出版社,中文/梵文,ISBN 978-9866936975,博客來,法華經梵文與鳩摩羅什漢譯逐句對照本。,付費出版
51,學術文獻,法華經在中國的傳譯與受容,郭朝順,2010,華梵人文學報第14期,中文,—,華梵大學,梳理法華經從初譯到定譯的歷史過程。,開放存取
52,學術文獻,法華經與華嚴經之比較研究——以「一乘」思想為核心,黃國清,2012,佛光學報新第1期,中文,—,佛光大學,比較法華經與華嚴經對「一乘」的不同詮釋。,開放存取
53,學術文獻,法華經與中國文化,吳言生,2009,中華書局,中文,ISBN 978-7101066913,中華書局,跨領域研究法華經對中國文化的全面影響。,付費出版
54,學術文獻,法華經信仰與六朝造像研究,顏娟英,2008,故宮學術季刊25(4),中文,ISSN 1011-9078,故宮,透過六朝造像分析法華經信仰的視覺表現。,期刊論文
55,學術文獻,日蓮對法華經的詮釋與政治實踐,釋昭慧,2011,玄奘佛學研究第15期,中文,—,玄奘大學,分析日蓮以法華經為基礎的「國柱信仰」。,開放存取
56,學術文獻,《法華經》偈頌的韻律與語言特徵,萬金川,2003,正觀雜誌第24期,中文,ISSN 1609-8498,正觀,從語言學角度分析法華經梵文偈頌的韻律結構。,期刊論文
57,學術文獻,法華経の成立と展開,望月信亨,1922,山喜房佛書林,日文,—,CiNii,日本法華經研究奠基之作，系統考證各品成立年代。,經典著作
58,學術文獻,法華経の文化と基盤,坂本幸男 (編),1965,平楽寺書店,日文,—,CiNii,多位日本學者共同執筆的法華經綜合研究。,經典論文集
59,學術文獻,法華経の中国的展開,田村芳朗,1969,平楽寺書店,日文,—,CiNii,追溯法華經從印度傳入中國後的思想轉化過程。,付費出版
60,學術文獻,法華経一仏乗の思想,田村芳朗,1975,春秋社,日文,ISBN 978-4393132012,CiNii,從教義學角度系統分析法華經「一佛乘」思想。,付費出版
61,學術文獻,法華経の思想と文化,勝呂信靜 (編),2000,山喜房佛書林,日文,ISBN 978-4796300377,CiNii,匯集日本法華經研究最新成果的論文集。,付費出版
62,學術文獻,法華経の事典,渡辺寶陽 & 宮田幸一 (編),2004,東京堂出版,日文,ISBN 978-4490106244,Amazon.co.jp,法華經研究的百科全書式工具書。,付費出版
63,學術文獻,法華経の成立年代に関する一考察,布施浩岳,1934,印度學佛教學研究,日文,ISSN 0019-4344,J-STAGE,從文獻學角度考證法華經各品成立年代。,開放存取
64,學術文獻,法華経における久遠仏の問題,菅野博史,1991,東洋哲学研究所紀要,日文,—,CiNii,分析如來壽量品「久遠實成」的哲學意涵。,日文期刊
65,學術文獻,法華経の受容と展開,菅野博史,2009,大藏出版,日文,ISBN 978-4804305820,CiNii,綜合研究法華經在東亞三國的接受史。,付費出版
66,學術文獻,梵文法華経写本の系統分類,辛嶋静志,2010,創価大学IRIAB年報,日文/英文,—,IRIAB,重新分類現存法華經梵文寫本的譜系關係。,開放存取
67,學術文獻,법화경의 사상과 문화,김영일,2005,동국대학교 출판부,韓文,ISBN 978-8978013642,WorldCat,韓國佛教學角度的法華經研究。,韓文付費
68,學術文獻,한국천태종과 법화경 신앙,박용진,2012,천태학연구第15輯,韓文,—,KCI,探討韓國天台宗的法華經信仰實踐。,韓文期刊
69,學術文獻,고려시대 법화경 사경 연구,이승혜,2015,한국불교학第74集,韓文,ISSN 1225-0945,KCI,研究高麗時期精美的法華經手抄本藝術。,韓文期刊
70,學術文獻,법화경 비유품의 교육적 함의,최윤정,2018,인문과학연구,韓文,—,KCI,從教育學角度分析法華經譬喻品。,韓文期刊
71,學術文獻,법화경의 여성관 연구,정수영,2020,불교학보第91集,韓文,ISSN 1226-0568,KCI,分析龍女成佛故事的性別意涵。,韓文期刊
72,學術文獻,신라 법화경 신앙의 전개,김상현,2008,신라문화第32輯,韓文,—,KCI,考察法華經信仰在新羅的傳播過程。,韓文期刊
73,注釋,法華文句（妙法蓮華經文句）,智顗說/灌頂記,587,大正藏T34 No.1718,中文（文言）,—,CBETA,天台三大部之一，最具影響力的法華經逐句釋義。,CBETA開放存取
74,注釋,法華玄義（妙法蓮華經玄義）,智顗說/灌頂記,587,大正藏T33 No.1716,中文（文言）,—,CBETA,以「五重玄義」闡發法華經深義的天台核心著作。,CBETA開放存取
75,注釋,摩訶止觀,智顗說/灌頂記,594,大正藏T46 No.1911,中文（文言）,—,CBETA,天台宗禪修理論總綱，以法華經為教義基礎。,CBETA開放存取
76,注釋,法華義疏,吉藏,615,大正藏T34 No.1721,中文（文言）,—,CBETA,三論宗大師吉藏的法華經注釋。,CBETA開放存取
77,注釋,法華玄論,吉藏,615,大正藏T34 No.1720,中文（文言）,—,CBETA,吉藏以三論宗立場闡釋法華經義理。,CBETA開放存取
78,注釋,法華玄贊（妙法蓮華經玄贊）,窺基,668,大正藏T34 No.1723,中文（文言）,—,CBETA,唯識宗窺基的法華經注釋。,CBETA開放存取
79,注釋,法華經安樂行義,慧思,568,大正藏T46 No.1926,中文（文言）,—,CBETA,天台宗二祖對安樂行品的實修指南。,CBETA開放存取
80,注釋,法華三昧懺儀,智顗,570s,大正藏T46 No.1941,中文（文言）,—,CBETA,以法華經為核心的懺悔修行儀軌。,CBETA開放存取
81,注釋,法華經論（妙法蓮華經優波提舍）,世親造/菩提流支&曇林譯,508,大正藏T26 No.1519,中文（文言）,—,CBETA,印度世親菩薩的法華經論釋。,CBETA開放存取
82,注釋,法華遊意,吉藏,600s,大正藏T34 No.1722,中文（文言）,—,CBETA,吉藏以隨筆形式討論法華經各品要義。,CBETA開放存取
83,注釋,法華經釋籤（法華文句記）,湛然,768,大正藏T34 No.1719,中文（文言）,—,CBETA,天台九祖對智顗法華文句的疏釋。,CBETA開放存取
84,注釋,法華玄義釋籤,湛然,768,大正藏T33 No.1717,中文（文言）,—,CBETA,湛然對法華玄義的註解。,CBETA開放存取
85,注釋,法華秀句,最澄,821,大正藏T74 No.2370,日文（漢文）,—,SAT,日本天台宗開祖最澄捍衛法華經最高地位的論辯著作。,SAT可取得
86,注釋,法華玄義科文,圓仁,840s,大正藏T57 No.2191,日文（漢文）,—,SAT,入唐求法高僧圓仁整理的法華玄義科判。,SAT資料庫
87,注釋,法華經開題,空海,820s,弘法大師全集,日文（漢文）,—,WorldCat,真言宗開祖以密教角度詮釋法華經。,學術出版
88,注釋,開目抄,日蓮,1272,日蓮宗全書,日文,—,日蓮宗,日蓮以法華經為唯一正法的核心論著。,日蓮系出版
89,注釋,觀心本尊抄,日蓮,1273,日蓮宗全書,日文,—,日蓮宗,日蓮闡述法華經本門教義的核心著作。,日蓮系出版
90,注釋,法華經講記,太虛大師,1940,太虛大師全書,中文,—,CBETA,民國高僧的法華經講解，開啟現代詮釋先河。,CBETA可取得
91,注釋,妙法蓮華經淺釋,宣化上人,1968,法界佛教總會,中文/英文,—,DRBA,禪宗大德的法華經白話講解。,部分開放存取
92,注釋,法華經講義（全10冊）,南懷瑾,2016,南懷瑾文化,中文,ISBN 978-9869193283,博客來,國學大師融合儒道佛的法華經講述。,付費出版
93,注釋,法華經新釋,釋演培,1976,天華出版社,中文,—,WorldCat,結合傳統注疏與現代學術的法華經釋義。,付費出版
94,注釋,法華經今解,淨空法師,1990s,華藏淨宗學會,中文,—,淨空法師,淨土宗角度的法華經講解。,免費流通
95,注釋,妙法蓮華經白話解,黃智海,2010,佛教出版社,中文,ISBN 978-9573033677,WorldCat,面向一般讀者的法華經白話翻譯與解說。,付費出版
96,注釋,法華經要解,星雲大師,2000,佛光文化,中文,ISBN 978-7544322607,佛光山,人間佛教觀點的法華經要義提煉。,付費出版
97,注釋,法華經的人生智慧,聖嚴法師,2005,法鼓文化,中文,ISBN 978-9575984571,法鼓文化,禪宗大德以生活經驗解讀法華經譬喻故事。,付費出版
98,注釋,法華經講要,證嚴法師,2013,靜思人文,中文,ISBN 978-9866292439,慈濟,慈濟創辦人以「菩薩道」為核心的法華經講述。,付費出版
99,注釋,The Lotus Sutra: A Biography,Donald S. Lopez Jr.,2016,Princeton University Press,英文,ISBN 978-0691152202,Princeton UP,以「傳記」形式敘述法華經兩千年的生命歷程。,付費出版
100,注釋,Opening the Lotus,Jacqueline I. Stone,2003,Wisdom Publications,英文,ISBN 978-0861713523,Wisdom Pubs,為入門讀者撰寫的法華經導讀。,付費出版
101,注釋,法華経を読む,菅野博史,2014,岩波書店,日文,ISBN 978-4004315001,岩波書店,法華經研究權威為一般讀者撰寫的入門書。,日文付費
102,注釋,法華経：真実の世界を開く,松岡由香子,2018,NHK出版,日文,ISBN 978-4149109565,NHK,NHK文化節目配套的法華經普及書籍。,日文付費
103,注釋,현대어로 읽는 법화경,박경준,2010,민족사,韓文,ISBN 978-8981355296,WorldCat,韓國學者以現代韓語翻譯並注釋法華經。,韓文付費
104,注釋,Annotated Translation of the Lotus Sutra,Toshio Shimizu,2015,Springer,英文,ISBN 978-4431554592,Springer,以學術注釋方式逐品翻譯法華經。,付費出版
105,注釋,法華經注疏集成,杜正民 (編),2008,法鼓文化,中文,—,法鼓文化,彙編歷代重要法華經注疏的選本。,付費出版
106,注釋,法華經通義,德清（憨山大師）,1603,卍續藏X32,中文（文言）,—,CBETA,明末高僧融合禪宗與華嚴的法華經注釋。,CBETA開放存取
107,注釋,法華經會義,智旭（蕅益大師）,1654,卍續藏X32,中文（文言）,—,CBETA,蕅益大師以天台教義為主軸的法華經注釋。,CBETA開放存取
108,注釋,法華經大成,大義,1700s,卍續藏X32,中文（文言）,—,CBETA,清代法華經注釋的集大成之作。,CBETA開放存取
109,注釋,法華經句解,慈舟法師,1930s,臺灣印經處,中文,—,WorldCat,近代天台宗大德的法華經逐句講解。,佛教流通
110,注釋,法華經安樂行品注,聖嚴法師,2008,法鼓文化,中文,ISBN 978-9575985844,法鼓文化,從禪修實踐角度闡釋四安樂行的修行意涵。,付費出版
111,注釋,正法華經,竺法護 (譯),286,大正藏T09 No.263,中文（文言）,—,CBETA,法華經最早的完整漢譯本。,CBETA開放存取
112,注釋,添品妙法蓮華經,闍那崛多 & 達摩笈多 (譯),601,大正藏T09 No.264,中文（文言）,—,CBETA,隋代第三個漢譯本，補充鳩摩羅什省略內容。,CBETA開放存取
113,注釋,法華經持驗記,周克復 (編),1676,卍續藏X78,中文（文言）,—,CBETA,歷代持誦法華經靈驗故事集。,CBETA開放存取
114,注釋,法華傳記,僧詳,706,大正藏T51 No.2068,中文（文言）,—,CBETA,唐代法華經感應傳記集。,CBETA開放存取
115,注釋,弘贊法華傳,慧詳,706,大正藏T51 No.2067,中文（文言）,—,CBETA,南北朝至唐代弘揚法華經的高僧事蹟集。,CBETA開放存取
116,注釋,法華義記,法雲,520s,大正藏T33 No.1715,中文（文言）,—,CBETA,現存最早的中國法華經注疏之一。,CBETA開放存取
117,注釋,法華遊意,慧均,540s,大正藏,中文（文言）,—,CBETA,六朝時期三論宗對法華經的早期詮釋。,CBETA開放存取
118,歷史背景,中國佛教翻譯史稿,馬祖毅 & 任榮珍,2006,湖北教育出版社,中文,ISBN 978-7535137883,WorldCat,系統梳理佛經翻譯史，專章討論法華經翻譯。,付費出版
119,歷史背景,鳩摩羅什傳,呂澂,1979,中華書局,中文,—,WorldCat,法華經漢譯者的學術傳記。,付費出版
120,歷史背景,Kumārajīva: The Transcreation of Buddhism in China,Tongdian Lu,2016,PhD Dissertation Univ. of the West,英文,—,ProQuest,以「創譯」概念重新理解鳩摩羅什的翻譯策略。,博士論文
121,歷史背景,Kumārajīva's Translation of the Lotus Sūtra,Daniel Boucher,2008,"Readings of the Lotus Sūtra, Columbia UP",英文,ISBN 978-0231142885,Columbia UP,文獻學分析鳩摩羅什法華經翻譯的特點。,付費出版
122,歷史背景,竺法護翻譯事業的歷史考察,船山徹,2006,東方學報（京都大學）,日文,—,J-STAGE,重新評價竺法護的佛經翻譯事業。,日文期刊
123,歷史背景,法華經三漢譯本比較研究,張麗珠,2011,碩士論文 臺灣師範大學,中文,—,臺灣博碩士論文,系統比較三個漢譯本的譯語差異。,碩士論文
124,歷史背景,Gilgit Buddhist Manuscripts,Raghu Vira & Lokesh Chandra,1959–74,International Academy of Indian Culture,英文/梵文,—,WorldCat,吉爾吉特出土佛教梵文寫本的首次出版。,學術出版
125,歷史背景,The Gilgit Manuscript of the Saddharmapuṇḍarīka,Hirofumi Toda,1981,Saddharma-puṇḍarīka Studies,英文/梵文,—,WorldCat,吉爾吉特法華經寫本精校版本。,學術出版
126,歷史背景,敦煌法華經文獻研究,方廣錩,2011,人民出版社,中文,ISBN 978-7010098326,WorldCat,敦煌出土法華經寫本的全面研究。,付費出版
127,歷史背景,Buddhist Manuscripts from Central Asia,Richard Salomon,1999,University of Washington Press,英文,ISBN 978-0295977690,UW Press,中亞佛教寫本研究含犍陀羅語法華經殘片。,付費出版
128,歷史背景,Sanskrit Manuscripts in the Possession of Hodgson,Akira Yuyama,1972,Canberra Buddhist Studies,英文,—,WorldCat,考證霍奇森蒐集的法華經梵文寫本。,學術論文
129,歷史背景,日本現存梵文法華經寫本的來歷與研究,松田和信,2010,印度學佛教學研究Vol. 58,日文,ISSN 0019-4344,J-STAGE,調查日本各機構收藏的法華經梵文寫本。,開放存取
130,歷史背景,The Bajaur Collection of Kharoṣṭhī Manuscripts,Stefan Baums & Andrew Glass,2015,Gandhāran Buddhist Texts Series,英文,—,gandhari.org,巴焦爾出土的犍陀羅語寫本含法華經殘片。,學術出版
131,歷史背景,天台宗通史,潘桂明 & 吳忠偉,2008,江蘇人民出版社,中文,ISBN 978-7214049293,WorldCat,以法華經為核心的天台宗發展通史。,付費出版
132,歷史背景,Nichiren: Leader of Buddhist Reformation,Masaharu Anesaki,1916,Harvard University Press,英文,—,Internet Archive,西方學界最早的日蓮研究。,公共領域
133,歷史背景,Nichiren and the Great Mongol Invasion,Jacqueline I. Stone,2014,SUNY Press,英文,ISBN 978-1438454085,SUNY Press,蒙古入侵背景下日蓮的法華經末法論述。,付費出版
134,歷史背景,法華經在中國——從南北朝至隋唐的發展,龔雋,2018,中華書局,中文,ISBN 978-7101131765,中華書局,追溯法華經從初譯到天台宗確立的歷史。,付費出版
135,歷史背景,六朝法華經信仰的形成與展開,劉淑芬,2002,中央研究院歷史語言研究所集刊73(2),中文,ISSN 1012-4195,中研院,從社會史角度分析六朝法華經信仰的形成。,期刊論文
136,歷史背景,法華經與古代日本文化,田村圓澄,1987,春秋社,日文,—,CiNii,法華經對日本古代文化的全面影響研究。,日文付費
137,歷史背景,The Lotus Sūtra and the Art of Dunhuang,Michelle C. Wang,2015,Images of the Dharma ed. C. Meinert,英文,—,WorldCat,分析敦煌石窟中法華經壁畫的圖像學。,學術論文
138,歷史背景,法華經信仰與造像研究——以四川地區為中心,賀世哲,2005,甘肅教育出版社,中文,ISBN 978-7542317780,WorldCat,四川地區法華經石刻造像研究。,付費出版
139,歷史背景,Visions of Mañjuśrī at Mount Wutai,"Robert Sharf & Elizabeth Horton Sharf (eds.)",2004,"Living Images, Stanford UP",英文,ISBN 978-0804749886,Stanford UP,法華經信仰與五台山文殊信仰的交織。,付費出版
140,歷史背景,法華經與高麗佛教,김영태,2002,동국대학교,韓文,—,WorldCat,法華經信仰在高麗時代的傳播與實踐。,韓文付費
141,歷史背景,法華經在越南的傳播與影響,阮才東,2015,佛學研究中心學報第20期,中文,—,NTU,法華經在越南佛教中的傳播史。,開放存取
142,歷史背景,The Lotus Sutra in Myanmar and Southeast Asia,Juliane Schober,2012,Buddhism in Practice ed. Lopez,英文,ISBN 978-0691139814,Princeton UP,法華經信仰在東南亞的接受史。,付費出版
143,歷史背景,The Origins of Mahāyāna Buddhism,Paul Williams,2009,Routledge,英文,ISBN 978-0415356534,Routledge,大乘佛教起源研究，含法華經角色分析。,付費出版
144,歷史背景,Mahāyāna Buddhism: The Doctrinal Foundations,Paul Williams,2009,Routledge,英文,ISBN 978-0415356527,Routledge,大乘佛教教義概論，含法華經思想定位。,付費出版
145,歷史背景,印度大乘佛教思想史,印順法師,1968,正聞出版社,中文,—,印順文教基金會,漢傳佛教最具影響力的大乘佛教史論著。,開放存取
146,歷史背景,初期大乘佛教之起源與開展,印順法師,1981,正聞出版社,中文,—,印順文教基金會,考證法華經等初期大乘經典的成立年代。,開放存取
147,歷史背景,The Date of the Saddharmapuṇḍarīka,Étienne Lamotte,1954,Mélanges offerts à M. Paul Demiéville,法文,—,WorldCat,法華經成立年代考證。,法文論文
148,歷史背景,History of Indian Buddhism,Étienne Lamotte,1988,Peeters Publishers,英文/法文,ISBN 978-9068310016,Peeters,印度佛教通史巨著含法華經討論。,付費出版
149,歷史背景,法華經的印度歷史背景,平川彰,1985,法華經研究,日文,—,CiNii,從印度佛教史角度分析法華經成立背景。,日文期刊
150,歷史背景,How Buddhism Acquired a Soul on the Way to China,Jungnok Park,2012,Equinox Publishing,英文,ISBN 978-1845539481,Equinox,佛教東傳中的教義轉化含法華經翻譯分析。,付費出版
151,歷史背景,中國天台宗發展史,釋大睿,2009,法鼓文化,中文,ISBN 978-9575985967,法鼓文化,以法華經為核心的天台宗中國發展通史。,付費出版
152,歷史背景,Buddhism in Chinese History,Arthur F. Wright,1959,Stanford University Press,英文,ISBN 978-0804705486,Stanford UP,佛教中國化經典研究含法華經討論。,付費出版
153,歷史背景,法華經與絲綢之路——從犍陀羅到敦煌,榮新江,2013,敦煌學輯刊第4期,中文,ISSN 1001-6252,知網,從絲綢之路角度追溯法華經傳入中國的路線。,期刊論文
154,歷史背景,The Lotus Sūtra and the Politics of Meiji Japan,James Ketelaar,1990,"Of Heretics and Martyrs, Princeton UP",英文,ISBN 978-0691000428,Princeton UP,明治時期法華經信仰與國族主義的關係。,付費出版
155,歷史背景,法華經藝術,李玉珉,2009,覺風佛教藝術文化基金會,中文,—,WorldCat,法華經相關佛教藝術作品系統研究。,付費出版
156,歷史背景,Lotus Sūtra Illustration and Fifth-Century China,Amy McNair,2007,Ars Orientalis Vol. 37,英文,ISSN 0571-1371,Smithsonian,五世紀中國法華經圖像的藝術史分析。,期刊論文
157,歷史背景,法華經的傳播與影響——以東亞為中心,法華經文化研究所 (編),2019,宗教文化出版社,中文,ISBN 978-7518808397,WorldCat,國際學術研討會論文集。,付費出版
158,歷史背景,法華經與中國民間信仰,于君方,2001,法鼓佛學學報第1期,中文/英文,—,DBLJ,法華經普門品如何促成觀音信仰民間化。,開放存取
159,歷史背景,Kuan-yin: The Chinese Transformation of Avalokiteśvara,于君方,2001,Columbia University Press,英文,ISBN 978-0231120296,Columbia UP,觀音信仰在中國轉化的權威研究。,付費出版
160,歷史背景,法華經在日本——從聖德太子到創價學會,末木文美士,2014,春秋社,日文,ISBN 978-4393136515,CiNii,法華經在日本影響史的通史性著作。,日文付費
161,歷史背景,Soka Gakkai and the Lotus Sutra in the Modern World,Clark Strand,2014,Stone Bridge Press,英文,ISBN 978-1611720143,WorldCat,法華經信仰在現代社會的最大載體SGI分析。,付費出版
162,歷史背景,Buddhism and the State in Sixteenth-Century Japan,William E. Deal & Brian Ruppert,2015,Princeton University Press,英文,ISBN 978-0691163987,Princeton UP,日蓮宗與戰國時代政治關係分析。,付費出版
